Renewable Energy Generation by Fuel,,,,,,,,,,,,,,,,,,,,,,,,,,,,,,,,,
http://www.eia.gov/outlooks/aeo/data/browser/#/?id=67-AEO2015&sourcekey=0,,,,,,,,,,,,,,,,,,,,,,,,,,,,,,,,,
Thu Feb 09 2017 11:12:19 GMT-0700 (Mountain Standard Time),,,,,,,,,,,,,,,,,,,,,,,,,,,,,,,,,
Source: U.S. Energy Information Administration,,,,,,,,,,,,,,,,,,,,,,,,,,,,,,,,,
,full name,api key,units,2012,2013,2014,2015,2016,2017,2018,2019,2020,2021,2022,2023,2024,2025,2026,2027,2028,2029,2030,2031,2032,2033,2034,2035,2036,2037,2038,2039,2040,Growth (2013-2040)
Electric Power Sector,,67-AEO2015.2.,,,,,,,,,,,,,,,,,,,,,,,,,,,,,,,
Generating Capacity,,67-AEO2015.4.,,,,,,,,,,,,,,,,,,,,,,,,,,,,,,,
(gigawatts),,67-AEO2015.5.,,,,,,,,,,,,,,,,,,,,,,,,,,,,,,,
Conventional Hydroelectric Power,Renewable Energy: Electric Power Sector: Generating Capacity: Hydropower: Reference case,67-AEO2015.6.ref2015-d021915a,GW,78.109406,78.260201,78.378998,78.644806,78.646599,78.542809,79.1008,79.245804,79.245804,79.245804,79.261139,79.407425,79.512627,79.569824,79.569824,79.569824,79.639824,79.639824,79.699821,79.758324,79.758324,79.758324,79.758324,79.773178,79.886269,79.992767,80.114578,80.114578,80.114578,0.10%
Geothermal,Renewable Energy: Electric Power Sector: Generating Capacity: Geothermal: Reference case,67-AEO2015.7.ref2015-d021915a,GW,2.5811,2.6495,2.6495,2.6495,2.6745,2.6745,2.92255,3.413507,3.844603,4.224127,4.592884,4.80719,5.058378,5.278762,5.535823,5.880678,6.332816,6.67685,6.98445,7.314765,7.592279,7.815669,8.044754,8.204432,8.399914,8.603087,8.787895,8.96516,9.091198,4.70%
Municipal Waste,Renewable Energy: Electric Power Sector: Generating Capacity: Municipal Waste: Reference case,67-AEO2015.8.ref2015-d021915a,GW,3.5807,3.6584,3.7168,3.8047,3.8063,3.8063,3.8055,3.8055,3.8055,3.8055,3.8055,3.8055,3.8055,3.8055,3.8055,3.8055,3.8055,3.8055,3.8055,3.8055,3.8055,3.8055,3.8055,3.8055,3.8055,3.8055,3.8055,3.8055,3.8055,0.10%
Wood and Other Biomass,Renewable Energy: Electric Power Sector: Generating Capacity: Wood and Other Biomass: Reference case,67-AEO2015.9.ref2015-d021915a,GW,2.911301,3.344301,3.413501,3.452601,3.494601,3.494601,3.494601,3.494601,3.494601,3.494601,3.494601,3.494601,3.494601,3.494601,3.494601,3.515202,3.538212,3.599349,3.64515,3.742923,3.832191,3.948907,4.045633,4.174881,4.380408,4.698354,5.090875,5.266747,5.482853,1.80%
Solar Thermal,Renewable Energy: Electric Power Sector: Generating Capacity: Solar Thermal: Reference case,67-AEO2015.10.ref2015-d021915a,GW,0.476,1.2864,1.6614,1.7714,1.7714,1.7714,1.7714,1.7714,1.7714,1.7714,1.7714,1.7714,1.7714,1.7714,1.7714,1.7714,1.7714,1.7714,1.7714,1.7714,1.7714,1.7714,1.7714,1.7714,1.7714,1.7714,1.7714,1.7714,1.7714,1.20%
Solar Photovoltaic,Renewable Energy: Electric Power Sector: Generating Capacity: Solar Photovoltaic: Reference case,67-AEO2015.11.ref2015-d021915a,GW,2.5891,5.2041,8.2735,10.406501,14.278902,14.379944,14.410404,14.410404,14.410404,14.410404,14.455796,14.489518,14.585215,14.65999,14.791437,14.980145,15.120149,15.350278,15.71061,16.124125,16.587284,17.009008,17.392569,17.852961,18.600605,19.188686,20.188686,21.338686,22.171221,5.50%
Wind,Renewable Energy: Electric Power Sector: Generating Capacity: Wind: Reference case,67-AEO2015.12.ref2015-d021915a,GW,59.184807,60.2966,65.092804,75.789497,80.060204,81.245605,81.777946,81.904099,81.966949,82.126938,82.484261,82.619202,82.939331,83.025162,83.381516,83.881294,84.332733,84.84317,86.343178,88.068176,90.051926,92.333244,94.956741,95.550964,97.217796,100.234833,103.70443,107.694466,108.175606,2.20%
Offshore Wind,Renewable Energy: Electric Power Sector: Generating Capacity: Offshore Wind: Reference case,67-AEO2015.13.ref2015-d021915a,GW,,,,,0.0293,0.0293,0.0293,0.0293,0.0293,0.0293,0.0293,0.0293,0.0293,0.0293,0.0293,0.0293,0.0293,0.0293,0.0293,0.0293,0.0293,0.0293,0.0293,0.0293,0.0293,0.0293,0.0293,0.0293,0.0293,- -
Total,Renewable Energy: Electric Power Sector: Generating Capacity: Total: Reference case,67-AEO2015.14.ref2015-d021915a,GW,149.432419,154.699493,163.186493,176.519012,184.761795,185.944458,187.3125,188.0746,188.568558,189.108063,189.894867,190.424133,191.19635,191.634521,192.379395,193.433319,194.569916,195.715668,197.98941,200.614502,203.428192,206.471344,209.804214,211.162598,214.091187,218.323929,223.492645,228.98584,230.641663,1.50%
Electricity Generation,,67-AEO2015.16.,,,,,,,,,,,,,,,,,,,,,,,,,,,,,,,
(billion kilowatthours),,67-AEO2015.17.,,,,,,,,,,,,,,,,,,,,,,,,,,,,,,,
Conventional Hydroelectric Power,Renewable Energy: Electric Power Sector: Electricity Generation: Hydropower: Reference case,67-AEO2015.18.ref2015-d021915a,billion kWh,273.860016,265.739014,255.051483,267.20575,270.455566,278.39679,290.326141,290.945618,290.95108,290.959839,291.052643,291.790436,292.425354,292.784546,292.795135,292.806366,293.057037,293.069122,293.359802,293.731445,293.741486,293.753815,293.765564,293.843781,294.42514,295.13501,295.555817,295.570129,295.584747,0.40%
Geothermal,Renewable Energy: Electric Power Sector: Electricity Generation: Geothermal: Reference case,67-AEO2015.19.ref2015-d021915a,billion kWh,15.562199,16.517159,16.57114,16.879704,16.9559,17.429878,19.376671,23.294834,26.776821,29.868612,32.86475,34.629272,36.674786,38.472141,40.582138,43.374947,47.054417,49.856094,52.361946,55.036606,57.307484,59.12756,60.990578,62.296127,63.90052,65.582359,67.074394,68.519073,69.55574,5.50%
Biogenic Municipal Waste,Renewable Energy: Electric Power Sector: Electricity Generation: Biogenic Municipal Waste: Reference case,67-AEO2015.20.ref2015-d021915a,billion kWh,16.922718,16.45496,18.963032,19.783432,20.352919,20.086382,20.075136,20.303556,20.048653,20.410341,20.410027,19.933437,19.937912,20.301847,20.09816,20.094168,19.982952,20.091049,20.085432,20.082705,19.973562,20.078972,20.071346,20.046825,20.057508,20.04007,20.200502,20.190983,20.21891,0.80%
Wood and Other Biomass,Renewable Energy: Electric Power Sector: Electricity Generation: Wood and Other Biomass: Reference case,67-AEO2015.21.ref2015-d021915a,billion kWh,11.050317,12.228517,11.321323,11.609831,13.375511,17.038641,18.783743,20.78684,24.684059,30.573372,32.438202,34.101357,35.371807,36.191315,38.101021,38.107788,38.492085,39.792049,40.449245,42.65918,44.438446,46.032005,46.224625,47.112576,49.359726,53.113537,55.333542,57.384262,58.776943,6.00%
Solar Thermal,Renewable Energy: Electric Power Sector: Electricity Generation: Solar Thermal: Reference case,67-AEO2015.22.ref2015-d021915a,billion kWh,0.861,0.942,2.290825,2.879436,2.896649,3.266433,3.622279,3.624583,3.623412,3.632001,3.625992,3.625601,3.629675,3.626776,3.629988,3.632652,3.632408,3.633699,3.632089,3.63466,3.634395,3.632413,3.630569,3.624441,3.626357,3.625051,3.628397,3.626415,3.629722,5.10%
Solar Photovoltaic,Renewable Energy: Electric Power Sector: Electricity Generation: Solar Photovoltaic: Reference case,67-AEO2015.23.ref2015-d021915a,billion kWh,3.302,7.976,15.188672,19.68288,24.677769,29.623457,29.69803,29.727249,29.713869,29.764172,29.824186,29.888649,30.104397,30.282534,30.572891,31.001196,31.351547,31.860422,32.621624,33.556519,34.624535,35.644779,36.540222,37.550964,39.156277,40.588017,42.655258,45.090641,47.136833,6.80%
Wind,Renewable Energy: Electric Power Sector: Electricity Generation: Wind: Reference case,67-AEO2015.24.ref2015-d021915a,billion kWh,140.748993,167.567001,178.042404,192.262085,218.712433,227.625748,229.676117,230.298431,230.55275,230.962097,231.973831,232.534561,233.416016,233.798141,234.688873,236.101807,237.55069,239.120758,243.304749,249.162872,256.015594,263.935944,272.863861,276.123444,280.385651,289.141296,300.306519,313.243134,317.140869,2.40%
Offshore Wind,Renewable Energy: Electric Power Sector: Electricity Generation: Offshore Wind: Reference case,67-AEO2015.25.ref2015-d021915a,billion kWh,,,,,0.025947,0.097089,0.097048,0.097091,0.09706,0.097061,0.097147,0.097147,0.097104,0.097106,0.097107,0.097106,0.097064,0.097061,0.09706,0.097018,0.096979,0.096936,0.097016,0.097059,0.097059,0.097062,0.097108,0.097067,0.097068,- -
Total,Renewable Energy: Electric Power Sector: Electricity Generation: Total: Reference case,67-AEO2015.26.ref2015-d021915a,billion kWh,462.307251,487.424622,497.428894,530.303101,567.452698,593.564392,611.655151,619.078186,626.447693,636.267456,642.286804,646.600464,651.657043,655.554382,660.565247,665.216003,671.21814,677.520264,685.911865,697.96106,709.83252,722.302429,734.183838,740.69519,751.008179,767.322388,784.851501,803.72168,812.140869,1.90%
Energy Consumption,,67-AEO2015.28.,,,,,,,,,,,,,,,,,,,,,,,,,,,,,,,
(quadrillion Btu),,67-AEO2015.29.,,,,,,,,,,,,,,,,,,,,,,,,,,,,,,,
Conventional Hydroelectric Power,Renewable Energy: Electric Power Sector: Energy Use: Hydropower: Reference case,67-AEO2015.30.ref2015-d021915a,quads,2.606052,2.528772,2.42707,2.54273,2.573655,2.649224,2.762743,2.768638,2.76869,2.768774,2.769657,2.776678,2.78272,2.786138,2.786238,2.786345,2.788731,2.788846,2.791612,2.795148,2.795244,2.795361,2.795473,2.796217,2.801749,2.808505,2.812509,2.812645,2.812784,0.40%
Geothermal,Renewable Energy: Electric Power Sector: Energy Use: Geothermal: Reference case,67-AEO2015.31.ref2015-d021915a,quads,0.147193,0.155682,0.161827,0.164842,0.165585,0.170214,0.188741,0.22602,0.259155,0.288579,0.317087,0.333882,0.353343,0.370446,0.390528,0.417105,0.452121,0.478782,0.502627,0.528076,0.549688,0.567008,0.584736,0.597162,0.612431,0.628439,0.642632,0.656376,0.666241,5.50%
Biogenic Municipal Waste,Renewable Energy: Electric Power Sector: Energy Use: Biogenic Municipal Waste: Reference case,67-AEO2015.32.ref2015-d021915a,quads,0.036576,0.035736,0.023487,0.023476,0.023514,0.023448,0.023515,0.023477,0.023476,0.023476,0.023476,0.023476,0.023504,0.023504,0.023476,0.023449,0.023476,0.023489,0.023448,0.023476,0.023448,0.023475,0.023474,0.023447,0.023469,0.023436,0.023459,0.023427,0.023422,-1.60%
Wood and Other Biomass,Renewable Energy: Electric Power Sector: Energy Use: Wood and Other Biomass: Reference case,67-AEO2015.33.ref2015-d021915a,quads,0.135979,0.1489,0.169433,0.173547,0.194878,0.230867,0.249633,0.273806,0.320847,0.383677,0.403809,0.423195,0.437871,0.451442,0.479101,0.474154,0.479197,0.494066,0.50206,0.52637,0.546484,0.564585,0.569521,0.581832,0.614897,0.65915,0.689383,0.715347,0.736724,6.10%
Solar Thermal,Renewable Energy: Electric Power Sector: Energy Use: Solar Thermal: Reference case,67-AEO2015.34.ref2015-d021915a,quads,0.008193,0.008964,0.021799,0.027401,0.027565,0.031083,0.03447,0.034492,0.03448,0.034562,0.034505,0.034501,0.03454,0.034512,0.034543,0.034568,0.034566,0.034578,0.034563,0.034587,0.034585,0.034566,0.034548,0.03449,0.034508,0.034496,0.034528,0.034509,0.03454,5.10%
Solar Photovoltaic,Renewable Energy: Electric Power Sector: Energy Use: Solar Photovoltaic: Reference case,67-AEO2015.35.ref2015-d021915a,quads,0.031422,0.0759,0.144535,0.187302,0.234834,0.281897,0.282607,0.282885,0.282757,0.283236,0.283807,0.28442,0.286473,0.288169,0.290932,0.295007,0.298341,0.303184,0.310427,0.319324,0.329487,0.339196,0.347717,0.357335,0.372611,0.386236,0.405908,0.429083,0.448554,6.80%
Wind,Renewable Energy: Electric Power Sector: Energy Use: Wind: Reference case,67-AEO2015.36.ref2015-d021915a,quads,1.339367,1.594568,1.694252,1.829566,2.081267,2.166086,2.185598,2.19152,2.19394,2.197835,2.207463,2.212799,2.221187,2.224823,2.233299,2.246745,2.260532,2.275474,2.315288,2.371034,2.436244,2.511614,2.596572,2.627591,2.66815,2.751469,2.857717,2.980822,3.017913,2.40%
Offshore Wind,Renewable Energy: Electric Power Sector: Energy Use: Offshore Wind: Reference case,67-AEO2015.37.ref2015-d021915a,quads,,,,,0.000247,0.000924,0.000924,0.000924,0.000924,0.000924,0.000924,0.000924,0.000924,0.000924,0.000924,0.000924,0.000924,0.000924,0.000924,0.000923,0.000923,0.000922,0.000923,0.000924,0.000924,0.000924,0.000924,0.000924,0.000924,- -
Total,Renewable Energy: Electric Power Sector: Energy Use: Total: Reference case,67-AEO2015.38.ref2015-d021915a,quads,4.304783,4.548522,4.642403,4.948863,5.301544,5.553745,5.728231,5.801761,5.884269,5.981062,6.040728,6.089877,6.140561,6.179958,6.239041,6.278297,6.337888,6.399343,6.48095,6.598938,6.716103,6.836728,6.952966,7.018997,7.128739,7.292655,7.467059,7.653133,7.741102,2.00%
End-Use Generators,,67-AEO2015.41.,,,,,,,,,,,,,,,,,,,,,,,,,,,,,,,
Generating Capacity,,67-AEO2015.43.,,,,,,,,,,,,,,,,,,,,,,,,,,,,,,,
(gigawatts),,67-AEO2015.44.,,,,,,,,,,,,,,,,,,,,,,,,,,,,,,,
Conventional Hydroelectric Power,Renewable Energy: End-Use Sector: Generating Capacity: Hydropower: Reference case,67-AEO2015.45.ref2015-d021915a,GW,0.285901,0.285901,0.285901,0.285901,0.285901,0.285901,0.285901,0.285901,0.285901,0.285901,0.285901,0.285901,0.285901,0.285901,0.285901,0.285901,0.285901,0.285901,0.285901,0.285901,0.285901,0.285901,0.285901,0.285901,0.285901,0.285901,0.285901,0.285901,0.285901,0.00%
Geothermal,Renewable Energy: End-Use Sector: Generating Capacity: Geothermal: Reference case,67-AEO2015.46.ref2015-d021915a,GW,,,,,,,,,,,,,,,,,,,,,,,,,,,,,,- -
Municipal Waste,Renewable Energy: End-Use Sector: Generating Capacity: Municipal Waste: Reference case,67-AEO2015.47.ref2015-d021915a,GW,0.469822,0.469822,0.469822,0.469822,0.469822,0.469822,0.469822,0.469822,0.469822,0.469822,0.469822,0.469822,0.469822,0.469822,0.469822,0.469822,0.469822,0.469822,0.469822,0.469822,0.469822,0.469822,0.469822,0.469822,0.469822,0.469822,0.469822,0.469822,0.469822,0.00%
Wood and Other Biomass,Renewable Energy: End-Use Sector: Generating Capacity: Wood and Other Biomass: Reference case,67-AEO2015.48.ref2015-d021915a,GW,4.886713,5.000552,5.030551,5.176112,5.244248,5.318948,5.339019,5.365642,5.401679,5.422019,5.429494,5.430312,5.430312,5.437573,5.440033,5.443232,5.443694,5.443694,5.443694,5.443694,5.443694,5.445196,5.448457,5.454909,5.46544,5.484721,5.521117,5.573731,5.630099,0.40%
Solar Photovoltaic,Renewable Energy: End-Use Sector: Generating Capacity: Solar Photovoltaic: Reference case,67-AEO2015.49.ref2015-d021915a,GW,4.550153,6.166139,7.314326,8.658772,10.098533,10.279287,10.517315,10.848915,11.38801,12.016942,12.736224,13.563363,14.481426,15.51649,16.615416,17.776505,18.978785,20.211432,21.519697,22.864799,24.249851,25.681911,27.155081,28.668394,30.207342,31.772041,33.373867,35.00005,36.665943,6.80%
Wind,Renewable Energy: End-Use Sector: Generating Capacity: Wind: Reference case,67-AEO2015.50.ref2015-d021915a,GW,0.171994,0.205405,0.296615,0.478618,0.659769,0.659769,0.659779,0.65989,0.660631,0.663125,0.669447,0.682476,0.702616,0.729724,0.760695,0.792541,0.824902,0.857722,0.891488,0.926404,0.964006,1.004803,1.050433,1.107402,1.169496,1.237209,1.320839,1.413978,1.516966,7.70%
Total,Renewable Energy: End-Use Sector: Generating Capacity: Total: Reference case,67-AEO2015.51.ref2015-d021915a,GW,10.364583,12.12782,13.397216,15.069224,16.758274,17.013727,17.271835,17.630169,18.206043,18.857809,19.590889,20.431873,21.370077,22.43951,23.571867,24.768002,26.003103,27.26857,28.610601,29.99062,31.413275,32.887634,34.409695,35.986431,37.598,39.249695,40.971546,42.743484,44.568733,4.90%
Electricity Generation,,67-AEO2015.53.,,,,,,,,,,,,,,,,,,,,,,,,,,,,,,,
(billion kilowatthours),,67-AEO2015.54.,,,,,,,,,,,,,,,,,,,,,,,,,,,,,,,
Conventional Hydroelectric Power,Renewable Energy: End-Use Sector: Electricity Generation: Hydropower: Reference case,67-AEO2015.55.ref2015-d021915a,billion kWh,1.381872,1.381875,1.381875,1.381875,1.381875,1.381875,1.381875,1.381875,1.381875,1.381875,1.381875,1.381875,1.381875,1.381875,1.381875,1.381875,1.381875,1.381875,1.381875,1.381875,1.381875,1.381875,1.381875,1.381875,1.381875,1.381875,1.381875,1.381875,1.381875,0.00%
Geothermal,Renewable Energy: End-Use Sector: Electricity Generation: Geothermal: Reference case,67-AEO2015.56.ref2015-d021915a,billion kWh,,,,,,,,,,,,,,,,,,,,,,,,,,,,,,- -
Municipal Waste,Renewable Energy: End-Use Sector: Electricity Generation: Municipal Waste: Reference case,67-AEO2015.57.ref2015-d021915a,billion kWh,3.6289,3.629377,3.629377,3.629377,3.629377,3.629377,3.629377,3.629377,3.629377,3.629377,3.629377,3.629377,3.629377,3.629377,3.629377,3.629377,3.629377,3.629377,3.629377,3.629377,3.629377,3.629377,3.629377,3.629377,3.629377,3.629377,3.629377,3.629377,3.629377,0.00%
Wood and Other Biomass,Renewable Energy: End-Use Sector: Electricity Generation: Wood and Other Biomass: Reference case,67-AEO2015.58.ref2015-d021915a,billion kWh,26.530527,27.158367,27.322592,28.172396,28.570185,28.620802,28.737976,28.893404,29.103802,29.222542,29.266182,29.270958,29.270958,29.313351,29.327709,29.346388,29.349083,29.349083,29.349083,29.349083,29.349083,29.357857,29.376892,29.41456,29.476044,29.588615,29.801096,30.108263,30.437357,0.40%
Solar Photovoltaic,Renewable Energy: End-Use Sector: Electricity Generation: Solar Photovoltaic: Reference case,67-AEO2015.59.ref2015-d021915a,billion kWh,7.066616,9.62205,11.386228,13.471916,15.723276,16.034809,16.443487,17.009377,17.923656,18.980705,20.181574,21.555149,23.075727,24.787066,26.601994,28.516048,30.491947,32.514877,34.656857,36.855949,39.116238,41.450035,43.848961,46.313286,48.820435,51.369228,53.976158,56.621124,59.328972,7.00%
Wind,Renewable Energy: End-Use Sector: Electricity Generation: Wind: Reference case,67-AEO2015.60.ref2015-d021915a,billion kWh,0.220817,0.264891,0.389236,0.637047,0.879551,0.879552,0.879565,0.879729,0.880818,0.884481,0.89377,0.912912,0.942502,0.982328,1.027831,1.074618,1.122161,1.170373,1.219954,1.271184,1.326236,1.385604,1.451243,1.532438,1.620249,1.715296,1.832789,1.963493,2.107815,8.00%
Total,Renewable Energy: End-Use Sector: Electricity Generation: Total: Reference case,67-AEO2015.61.ref2015-d021915a,billion kWh,38.828732,42.056564,44.109306,47.29261,50.184261,50.546413,51.072285,51.793762,52.919529,54.09898,55.352779,56.750271,58.300442,60.094002,61.968788,63.948307,65.974442,68.045586,70.237152,72.487473,74.802811,77.20475,79.688347,82.271538,84.927979,87.684395,90.621292,93.704132,96.885391,3.10%
Energy Consumption,,67-AEO2015.63.,,,,,,,,,,,,,,,,,,,,,,,,,,,,,,,
(quadrillion Btu),,67-AEO2015.64.,,,,,,,,,,,,,,,,,,,,,,,,,,,,,,,
Conventional Hydroelectric Power,Renewable Energy: End-Use Sector: Energy Use: Hydropower: Reference case,67-AEO2015.65.ref2015-d021915a,quads,0.013285,0.013285,0.013285,0.013285,0.013285,0.013285,0.013285,0.013285,0.013285,0.013285,0.013285,0.013285,0.013285,0.013285,0.013285,0.013285,0.013285,0.013285,0.013285,0.013285,0.013285,0.013285,0.013285,0.013285,0.013285,0.013285,0.013285,0.013285,0.013285,0.00%
Geothermal,Renewable Energy: End-Use Sector: Energy Use: Geothermal: Reference case,67-AEO2015.66.ref2015-d021915a,quads,,,,,,,,,,,,,,,,,,,,,,,,,,,,,,- -
Municipal Waste,Renewable Energy: End-Use Sector: Energy Use: Municipal Waste: Reference case,67-AEO2015.67.ref2015-d021915a,quads,0.081861,0.081861,0.081861,0.081861,0.081861,0.081861,0.081861,0.081861,0.081861,0.081861,0.081861,0.081861,0.081861,0.081861,0.081861,0.081861,0.081861,0.081861,0.081861,0.081861,0.081861,0.081861,0.081861,0.081861,0.081861,0.081861,0.081861,0.081861,0.081861,0.00%
Wood and Other Biomass,Renewable Energy: End-Use Sector: Energy Use: Wood and Other Biomass: Reference case,67-AEO2015.68.ref2015-d021915a,quads,0.220012,0.225522,0.226876,0.237669,0.242721,0.244535,0.249842,0.255749,0.260824,0.263566,0.26412,0.264181,0.264181,0.264719,0.264902,0.265139,0.265173,0.265173,0.265173,0.265173,0.265173,0.265285,0.265526,0.266005,0.266786,0.268215,0.270914,0.274815,0.278994,0.80%
Solar Photovoltaic,Renewable Energy: End-Use Sector: Energy Use: Solar Photovoltaic: Reference case,67-AEO2015.69.ref2015-d021915a,quads,0.067247,0.091564,0.108352,0.128199,0.149623,0.152588,0.156477,0.161862,0.170562,0.180621,0.192049,0.20512,0.219589,0.235874,0.253145,0.271359,0.290162,0.309412,0.329795,0.350722,0.372231,0.394439,0.417267,0.440718,0.464576,0.48883,0.513638,0.538807,0.564575,7.00%
Wind,Renewable Energy: End-Use Sector: Energy Use: Wind: Reference case,67-AEO2015.70.ref2015-d021915a,quads,0.002101,0.002521,0.003704,0.006062,0.00837,0.00837,0.00837,0.008372,0.008382,0.008417,0.008505,0.008687,0.008969,0.009348,0.009781,0.010226,0.010678,0.011137,0.011609,0.012097,0.01262,0.013185,0.01381,0.014583,0.015418,0.016323,0.017441,0.018685,0.020058,8.00%
Total,Renewable Energy: End-Use Sector: Energy Use: Total: Reference case,67-AEO2015.71.ref2015-d021915a,quads,0.384506,0.414753,0.434078,0.467076,0.49586,0.500639,0.509835,0.521128,0.534914,0.54775,0.55982,0.573134,0.587885,0.605088,0.622974,0.64187,0.66116,0.680869,0.701724,0.723138,0.74517,0.768055,0.79175,0.816451,0.841926,0.868514,0.897138,0.927453,0.958773,3.20%
All Sectors,,67-AEO2015.74.,,,,,,,,,,,,,,,,,,,,,,,,,,,,,,,
Generating Capacity,,67-AEO2015.76.,,,,,,,,,,,,,,,,,,,,,,,,,,,,,,,
(gigawatts),,67-AEO2015.77.,,,,,,,,,,,,,,,,,,,,,,,,,,,,,,,
Conventional Hydroelectric Power,Renewable Energy: All Sectors: Generating Capacity: Hydropower: Reference case,67-AEO2015.78.ref2015-d021915a,GW,78.395309,78.546104,78.664902,78.93071,78.932503,78.828712,79.386703,79.531708,79.531708,79.531708,79.547043,79.693329,79.798531,79.855728,79.855728,79.855728,79.925728,79.925728,79.985725,80.044228,80.044228,80.044228,80.044228,80.059082,80.172173,80.278671,80.400482,80.400482,80.400482,0.10%
Geothermal,Renewable Energy: All Sectors: Generating Capacity: Geothermal: Reference case,67-AEO2015.79.ref2015-d021915a,GW,2.5811,2.6495,2.6495,2.6495,2.6745,2.6745,2.92255,3.413507,3.844603,4.224127,4.592884,4.80719,5.058378,5.278762,5.535823,5.880678,6.332816,6.67685,6.98445,7.314765,7.592279,7.815669,8.044754,8.204432,8.399914,8.603087,8.787895,8.96516,9.091198,4.70%
Municipal Waste,Renewable Energy: All Sectors: Generating Capacity: Municipal Waste: Reference case,67-AEO2015.80.ref2015-d021915a,GW,4.050523,4.128222,4.186623,4.274522,4.276122,4.276122,4.275322,4.275322,4.275322,4.275322,4.275322,4.275322,4.275322,4.275322,4.275322,4.275322,4.275322,4.275322,4.275322,4.275322,4.275322,4.275322,4.275322,4.275322,4.275322,4.275322,4.275322,4.275322,4.275322,0.10%
Wood and Other Biomass,Renewable Energy: All Sectors: Generating Capacity: Wood and Other Biomass: Reference case,67-AEO2015.81.ref2015-d021915a,GW,7.798014,8.344852,8.444053,8.628714,8.73885,8.813549,8.83362,8.860243,8.89628,8.91662,8.924095,8.924913,8.924913,8.932175,8.934634,8.958433,8.981905,9.043042,9.088844,9.186617,9.275885,9.394104,9.494089,9.629789,9.845848,10.183075,10.611992,10.840479,11.112953,1.10%
Solar,Renewable Energy: All Sectors: Generating Capacity: Solar: Reference case,67-AEO2015.82.ref2015-d021915a,GW,7.615253,12.656639,17.249226,20.836672,26.148834,26.430632,26.69912,27.03072,27.569815,28.198746,28.963421,29.82428,30.838041,31.94788,33.178253,34.528049,35.870331,37.333107,39.001709,40.760323,42.608536,44.462318,46.31905,48.292755,50.579346,52.732128,55.333954,58.110138,60.608566,6.00%
Wind,Renewable Energy: All Sectors: Generating Capacity: Wind: Reference case,67-AEO2015.83.ref2015-d021915a,GW,59.3568,60.502007,65.38942,76.268112,80.749268,81.934669,82.467026,82.593285,82.656876,82.819359,83.183006,83.330971,83.671242,83.78418,84.171509,84.703133,85.186935,85.730186,87.263962,89.02388,91.045227,93.367348,96.036469,96.68766,98.416588,101.501335,105.054565,109.137741,109.72187,2.20%
Total,Renewable Energy: All Sectors: Generating Capacity: Total: Reference case,67-AEO2015.84.ref2015-d021915a,GW,159.796997,166.827316,176.583725,191.588226,201.520081,202.958191,204.584335,205.704773,206.774597,207.965881,209.485779,210.856003,212.566437,214.074051,215.951263,218.201355,220.573044,222.984253,226.600021,230.605133,234.841476,239.358978,244.213913,247.149048,251.689178,257.573608,264.464203,271.729309,275.210388,1.90%
Electricity Generation,,67-AEO2015.86.,,,,,,,,,,,,,,,,,,,,,,,,,,,,,,,
(billion kilowatthours),,67-AEO2015.87.,,,,,,,,,,,,,,,,,,,,,,,,,,,,,,,
Conventional Hydroelectric Power,Renewable Energy: All Sectors: Electricity Generation: Hydropower: Reference case,67-AEO2015.88.ref2015-d021915a,billion kWh,275.241882,267.12088,256.43335,268.587616,271.837433,279.778656,291.708008,292.327484,292.332947,292.341705,292.434509,293.172302,293.80722,294.166412,294.177002,294.188232,294.438904,294.450989,294.741669,295.113312,295.123352,295.135681,295.14743,295.225647,295.807007,296.516876,296.937683,296.951996,296.966614,0.40%
Geothermal,Renewable Energy: All Sectors: Electricity Generation: Geothermal: Reference case,67-AEO2015.89.ref2015-d021915a,billion kWh,15.562199,16.517159,16.57114,16.879704,16.9559,17.429878,19.376671,23.294834,26.776821,29.868612,32.86475,34.629272,36.674786,38.472141,40.582138,43.374947,47.054417,49.856094,52.361946,55.036606,57.307484,59.12756,60.990578,62.296127,63.90052,65.582359,67.074394,68.519073,69.55574,5.50%
Municipal Waste,Renewable Energy: All Sectors: Electricity Generation: Municipal Waste: Reference case,67-AEO2015.90.ref2015-d021915a,billion kWh,20.551619,20.084337,22.592409,23.412809,23.982296,23.715759,23.704514,23.932934,23.67803,24.039719,24.039404,23.562815,23.567289,23.931225,23.727537,23.723545,23.612329,23.720427,23.714809,23.712082,23.60294,23.708349,23.700724,23.676203,23.686886,23.669447,23.82988,23.82036,23.848288,0.60%
Wood and Other Biomass,Renewable Energy: All Sectors: Electricity Generation: Wood and Other Biomass: Reference case,67-AEO2015.91.ref2015-d021915a,billion kWh,37.580845,39.386883,38.643913,39.782227,41.945694,45.659443,47.521721,49.680244,53.787861,59.795914,61.704384,63.372314,64.642761,65.504669,67.428726,67.454178,67.841171,69.141129,69.798325,72.008263,73.787529,75.389862,75.601517,76.527138,78.83577,82.702148,85.134636,87.492523,89.214302,3.10%
Solar,Renewable Energy: All Sectors: Electricity Generation: Solar: Reference case,67-AEO2015.92.ref2015-d021915a,billion kWh,11.229616,18.540051,28.865723,36.034233,43.297691,48.924698,49.763794,50.36121,51.260937,52.376877,53.631752,55.069397,56.809799,58.696373,60.804874,63.149895,65.475906,68.009003,70.910568,74.047127,77.375168,80.727226,84.019753,87.488693,91.603073,95.582291,100.259811,105.338181,110.095528,6.80%
Wind,Renewable Energy: All Sectors: Electricity Generation: Wind: Reference case,67-AEO2015.93.ref2015-d021915a,billion kWh,140.969803,167.831894,178.431641,192.899139,219.61792,228.602386,230.652725,231.275253,231.530624,231.943634,232.964752,233.544632,234.455627,234.877579,235.813812,237.273529,238.769913,240.388199,244.621765,250.531067,257.438812,265.418457,274.412109,277.75293,282.102936,290.953674,302.23642,315.303711,319.345764,2.40%
Total,Renewable Energy: All Sectors: Electricity Generation: Total: Reference case,67-AEO2015.94.ref2015-d021915a,billion kWh,501.135925,529.481201,541.538208,577.595703,617.636963,644.11084,662.727417,670.871948,679.367249,690.366455,697.639526,703.350708,709.957458,715.648376,722.534058,729.164307,737.192627,745.565857,756.149109,770.448486,784.635254,799.507141,813.872131,822.966736,835.936157,855.006775,875.4729,897.425842,909.026245,2.00%
Energy Consumption,,67-AEO2015.96.,,,,,,,,,,,,,,,,,,,,,,,,,,,,,,,
(quadrillion Btu),,67-AEO2015.97.,,,,,,,,,,,,,,,,,,,,,,,,,,,,,,,
Conventional Hydroelectric Power,Renewable Energy: All Sectors: Energy Use: Hydropower: Reference case,67-AEO2015.98.ref2015-d021915a,quads,2.619337,2.542057,2.440355,2.556015,2.58694,2.662509,2.776028,2.781923,2.781975,2.782059,2.782942,2.789963,2.796005,2.799423,2.799523,2.79963,2.802016,2.802131,2.804897,2.808433,2.808529,2.808646,2.808758,2.809502,2.815034,2.82179,2.825794,2.82593,2.826069,0.40%
Geothermal,Renewable Energy: All Sectors: Energy Use: Geothermal: Reference case,67-AEO2015.99.ref2015-d021915a,quads,0.147193,0.155682,0.161827,0.164842,0.165585,0.170214,0.188741,0.22602,0.259155,0.288579,0.317087,0.333882,0.353343,0.370446,0.390528,0.417105,0.452121,0.478782,0.502627,0.528076,0.549688,0.567008,0.584736,0.597162,0.612431,0.628439,0.642632,0.656376,0.666241,5.50%
Municipal Waste,Renewable Energy: All Sectors: Energy Use: Municipal Waste: Reference case,67-AEO2015.100.ref2015-d021915a,quads,0.118438,0.117598,0.105348,0.105337,0.105375,0.10531,0.105376,0.105338,0.105337,0.105337,0.105337,0.105337,0.105365,0.105365,0.105337,0.10531,0.105337,0.10535,0.10531,0.105337,0.105309,0.105336,0.105336,0.105308,0.10533,0.105297,0.10532,0.105288,0.105283,-0.40%
Wood and Other Biomass,Renewable Energy: All Sectors: Energy Use: Wood and Other Biomass: Reference case,67-AEO2015.101.ref2015-d021915a,quads,0.355991,0.374423,0.396309,0.411215,0.437598,0.475402,0.499475,0.529555,0.58167,0.647243,0.667929,0.687376,0.702052,0.716162,0.744003,0.739293,0.74437,0.75924,0.767233,0.791543,0.811657,0.829869,0.835047,0.847836,0.881682,0.927365,0.960297,0.990162,1.015718,3.80%
Solar,Renewable Energy: All Sectors: Energy Use: Solar: Reference case,67-AEO2015.102.ref2015-d021915a,quads,0.106862,0.176428,0.274687,0.342902,0.412022,0.465568,0.473553,0.479238,0.4878,0.498419,0.51036,0.524041,0.540603,0.558555,0.57862,0.600935,0.623069,0.647174,0.674786,0.704633,0.736303,0.768201,0.799533,0.832543,0.871696,0.909562,0.954073,1.002399,1.04767,6.80%
Wind,Renewable Energy: All Sectors: Energy Use: Wind: Reference case,67-AEO2015.103.ref2015-d021915a,quads,1.341469,1.597088,1.697956,1.835628,2.089884,2.17538,2.194891,2.200815,2.203246,2.207175,2.216892,2.22241,2.23108,2.235095,2.244004,2.257895,2.272135,2.287534,2.327821,2.384054,2.449788,2.525722,2.611305,2.643097,2.684492,2.768715,2.876082,3.00043,3.038894,2.40%
Total,Renewable Energy: All Sectors: Energy Use: Total: Reference case,67-AEO2015.104.ref2015-d021915a,quads,4.68929,4.963275,5.076482,5.415939,5.797405,6.054383,6.238066,6.322889,6.419183,6.528812,6.600548,6.66301,6.728447,6.785046,6.862016,6.920167,6.999048,7.080212,7.182673,7.322076,7.461274,7.604783,7.744715,7.835448,7.970665,8.161169,8.364197,8.580585,8.699875,2.10%
