"Total Energy Supply, Disposition, and Price Summary"
"https://www.eia.gov/outlooks/aeo/data/browser/#/?id=1-AEO2011&sourcekey=0"
"Wed May 06 2020 22:08:41 GMT-0600 (Mountain Daylight Time)"
"Source: U.S. Energy Information Administration"
"",full name,api key,"units","2008","2009","2010","2011","2012","2013","2014","2015","2016","2017","2018","2019","2020","2021","2022","2023","2024","2025","2026","2027","2028","2029","2030","2031","2032","2033","2034","2035","Growth (2009-2035)"
Production,,1-AEO2011.2.,,,,,,,,,,,,,,,,,,,,,,,,,,,,,,
Crude Oil and Lease Condensate,"Total Energy: Production: Crude Oil and Lease Condensate",1-AEO2011.3.,"quad Btu",,,,,,,,,,,,,,,,,,,,,,,,,,,,,
Reference case,"Total Energy: Production: Crude Oil and Lease Condensate": Reference case,1-AEO2011.3.ref2011-d020911a,"quad Btu",10.508787,11.336535,11.868499,11.763428,11.579611,12.015167,12.396976,12.510242,12.81664,13.067045,13.124334,13.166467,13.073818,13.053776,13.091921,12.967995,12.781311,12.636621,12.500555,12.443549,12.525911,12.47701,12.489706,12.630177,12.908967,13.011168,13.037992,12.798256,"0.5%"
Early release reference,"Total Energy: Production: Crude Oil and Lease Condensate": Early release reference,1-AEO2011.3.ref2011-d120810c,"quad Btu",10.508787,11.336535,11.70352,11.436961,11.720757,11.780622,12.133763,12.314452,12.53765,12.844253,12.947669,13.013087,13.004127,12.966234,12.926055,12.764565,12.550757,12.456443,12.435163,12.429663,12.536012,12.493022,12.499079,12.479085,12.724373,12.680815,12.617367,12.315235,"0.3%"
Natural Gas Plant Liquids,"Total Energy: Production: Natural Gas Plant Liquids",1-AEO2011.4.,"quad Btu",,,,,,,,,,,,,,,,,,,,,,,,,,,,,
Reference case,"Total Energy: Production: Natural Gas Plant Liquids": Reference case,1-AEO2011.4.ref2011-d020911a,"quad Btu",2.411561,2.57399,2.637328,2.629243,2.762358,2.806697,2.825178,2.858445,2.863257,2.892778,2.940002,2.990796,3.063299,3.151836,3.277308,3.434923,3.515096,3.55131,3.573627,3.608078,3.647907,3.673774,3.70505,3.745126,3.78434,3.821242,3.864196,3.91854,"1.6%"
Early release reference,"Total Energy: Production: Natural Gas Plant Liquids": Early release reference,1-AEO2011.4.ref2011-d120810c,"quad Btu",2.411561,2.57399,2.637328,2.629243,2.738641,2.793415,2.795932,2.850009,2.866917,2.908185,2.962222,3.009099,3.072528,3.164219,3.285179,3.41517,3.44537,3.47443,3.502164,3.538622,3.578681,3.595506,3.625473,3.669203,3.718214,3.755249,3.801641,3.85446,"1.6%"
Dry Natural Gas,"Total Energy: Production: Dry Natural Gas",1-AEO2011.5.,"quad Btu",,,,,,,,,,,,,,,,,,,,,,,,,,,,,
Reference case,"Total Energy: Production: Dry Natural Gas": Reference case,1-AEO2011.5.ref2011-d020911a,"quad Btu",20.833776,21.499853,21.830538,21.605095,21.827179,22.29723,22.594036,23.014833,23.057632,23.240395,23.513803,23.804075,24.037651,24.145149,24.319262,24.465706,24.477749,24.599127,24.698631,24.918171,25.207668,25.466534,25.748774,26.020241,26.219286,26.421064,26.671671,27.004848,"0.9%"
Early release reference,"Total Energy: Production: Dry Natural Gas": Early release reference,1-AEO2011.5.ref2011-d120810c,"quad Btu",20.833776,21.499853,21.876009,21.620981,21.664351,22.226751,22.34967,22.674494,22.712656,22.918081,23.228477,23.465309,23.61595,23.732723,23.888538,24.064077,24.157337,24.251671,24.400484,24.637926,24.936144,25.117409,25.347445,25.614281,25.866756,26.084164,26.394579,26.775572,"0.8%"
Coal,"Total Energy: Production: Coal",1-AEO2011.6.,"quad Btu",,,,,,,,,,,,,,,,,,,,,,,,,,,,,
Reference case,"Total Energy: Production: Coal": Reference case,1-AEO2011.6.ref2011-d020911a,"quad Btu",23.849699,21.578299,22.594791,21.752323,21.394899,21.127628,20.804131,20.936312,21.151922,21.301769,21.418089,21.614092,22.053562,22.20734,22.547333,22.947435,23.495131,23.635775,23.945341,24.051121,24.398502,24.529577,24.773743,24.964584,25.213089,25.450348,25.718231,26.009392,"0.7%"
Early release reference,"Total Energy: Production: Coal": Early release reference,1-AEO2011.6.ref2011-d120810c,"quad Btu",23.849699,21.578299,22.506607,21.63151,21.465158,21.088428,20.971823,21.061264,21.307304,21.444471,21.54764,21.72571,22.119226,22.238626,22.555351,22.854889,23.336113,23.712528,23.959763,23.87822,24.177528,24.455433,24.744049,24.898157,25.282803,25.375751,25.605455,25.84272,"0.7%"
Nuclear Power,"Total Energy: Production: Nuclear Power",1-AEO2011.7.,"quad Btu",,,,,,,,,,,,,,,,,,,,,,,,,,,,,
Reference case,"Total Energy: Production: Nuclear Power": Reference case,1-AEO2011.7.ref2011-d020911a,"quad Btu",8.427294,8.349272,8.392276,8.397101,8.495641,8.643312,8.70351,8.774737,8.794132,8.901154,9.008174,9.11519,9.170193,9.170193,9.170193,9.170193,9.170193,9.170193,9.170193,9.170193,9.170193,9.170193,9.169307,9.16746,9.164591,9.158966,9.151505,9.139649,"0.3%"
Early release reference,"Total Energy: Production: Nuclear Power": Early release reference,1-AEO2011.7.ref2011-d120810c,"quad Btu",8.427294,8.349272,8.392276,8.397101,8.495641,8.643312,8.70351,8.774737,8.794132,8.901153,9.008173,9.115189,9.222204,9.222204,9.222204,9.222204,9.222204,9.222204,9.222204,9.222205,9.222205,9.222205,9.221037,9.218907,9.215755,9.209848,9.202106,9.189968,"0.4%"
Hydropower,"Total Energy: Production: Hydropower",1-AEO2011.8.,"quad Btu",,,,,,,,,,,,,,,,,,,,,,,,,,,,,
Reference case,"Total Energy: Production: Hydropower": Reference case,1-AEO2011.8.ref2011-d020911a,"quad Btu",2.526232,2.694814,2.397497,2.578199,2.662767,2.735171,2.835982,2.921694,2.994312,2.994439,2.994567,2.999712,3.000392,3.005065,3.006717,3.00767,3.014364,3.039484,3.044993,3.045131,3.057818,3.062778,3.068407,3.068982,3.082368,3.082707,3.088063,3.09292,"0.5%"
Early release reference,"Total Energy: Production: Hydropower": Early release reference,1-AEO2011.8.ref2011-d120810c,"quad Btu",2.526232,2.694814,2.397497,2.578196,2.662765,2.735171,2.832872,2.913494,2.988892,2.989016,2.99454,2.999696,2.999817,2.999928,3.007835,3.012677,3.013562,3.023384,3.050367,3.050521,3.062485,3.068893,3.069865,3.077258,3.08619,3.087591,3.093694,3.093831,"0.5%"
Biomass,"Total Energy: Production: Biomass",1-AEO2011.9.,"quad Btu",,,,,,,,,,,,,,,,,,,,,,,,,,,,,
Reference case,"Total Energy: Production: Biomass": Reference case,1-AEO2011.9.ref2011-d020911a,"quad Btu",3.943494,3.519185,3.825938,4.227864,4.323747,4.532712,4.555628,4.695724,4.836687,4.98902,5.187925,5.425529,5.766699,5.937756,6.171054,6.482818,6.900631,7.198357,7.446343,7.650198,7.797249,8.030026,8.148877,8.385611,8.470638,8.542522,8.61211,8.634308,"3.5%"
Early release reference,"Total Energy: Production: Biomass": Early release reference,1-AEO2011.9.ref2011-d120810c,"quad Btu",3.942268,3.510925,3.81384,4.142109,4.28694,4.501479,4.490409,4.671059,4.783141,4.929174,5.131302,5.340519,5.676676,5.85747,6.099509,6.467902,6.822717,7.129239,7.356948,7.601799,7.766342,8.053717,8.176286,8.427773,8.61198,8.839047,8.971251,8.976155,"3.7%"
Other Renewable Energy,"Total Energy: Production: Other Renewable Energy",1-AEO2011.10.,"quad Btu",,,,,,,,,,,,,,,,,,,,,,,,,,,,,
Reference case,"Total Energy: Production: Other Renewable Energy": Reference case,1-AEO2011.10.ref2011-d020911a,"quad Btu",1.115982,1.288936,1.537262,1.716426,2.051698,2.07663,2.087103,2.13919,2.139692,2.164111,2.188529,2.237406,2.296909,2.329056,2.357952,2.404868,2.4874,2.584256,2.677244,2.740678,2.822866,2.916186,2.967836,3.01974,3.075637,3.114835,3.158351,3.217548,"3.6%"
Early release reference,"Total Energy: Production: Other Renewable Energy": Early release reference,1-AEO2011.10.ref2011-d120810c,"quad Btu",1.115982,1.288936,1.537262,1.716424,2.142224,2.167317,2.17779,2.183189,2.18368,2.208097,2.232518,2.256594,2.308626,2.342794,2.376559,2.415975,2.471462,2.551419,2.621808,2.679317,2.730824,2.775478,2.830554,2.881454,2.945648,3.011683,3.053196,3.131098,"3.5%"
Other,"Total Energy: Production: Other",1-AEO2011.11.,"quad Btu",,,,,,,,,,,,,,,,,,,,,,,,,,,,,
Reference case,"Total Energy: Production: Other": Reference case,1-AEO2011.11.ref2011-d020911a,"quad Btu",0.185323,0.340095,0.554864,0.930431,0.645898,0.681413,0.704818,0.77994,0.860002,0.944287,0.958345,0.958745,0.961631,0.973371,0.973821,0.964554,0.940863,0.87834,0.823294,0.780185,0.77828,0.783974,0.805028,0.801365,0.793348,0.79048,0.783824,0.77722,"3.2%"
Early release reference,"Total Energy: Production: Other": Early release reference,1-AEO2011.11.ref2011-d120810c,"quad Btu",0.185332,0.340115,0.55678,0.933898,0.635115,0.669702,0.678987,0.750343,0.819394,0.918038,0.950543,0.965623,0.972871,0.975375,0.979046,0.956799,0.933584,0.900747,0.855,0.806574,0.79218,0.789867,0.80383,0.818226,0.818566,0.821655,0.819792,0.819252,"3.4%"
Total,"Total Energy: Production: Total",1-AEO2011.12.,"quad Btu",,,,,,,,,,,,,,,,,,,,,,,,,,,,,
Reference case,"Total Energy: Production: Total": Reference case,1-AEO2011.12.ref2011-d020911a,"quad Btu",73.802147,73.180977,75.638992,75.600098,75.743797,76.915962,77.50737,78.631111,79.514275,80.494995,81.333771,82.312012,83.424149,83.973541,84.915565,85.846161,86.782738,87.293457,87.880226,88.407303,89.406403,90.110054,90.876724,91.803284,92.712265,93.393333,94.085938,94.592674,"1.0%"
Early release reference,"Total Energy: Production: Total": Early release reference,1-AEO2011.12.ref2011-d120810c,"quad Btu",73.800926,73.172745,75.421112,75.086426,75.8116,76.606201,77.13475,78.193039,78.993767,80.060471,81.003082,81.890823,82.99202,83.499573,84.340279,85.174271,85.95311,86.722076,87.403915,87.844841,88.802406,89.571533,90.317619,91.084351,92.270294,92.865799,93.559082,93.998283,"1.0%"
Imports,,1-AEO2011.14.,,,,,,,,,,,,,,,,,,,,,,,,,,,,,,
Crude Oil,"Total Energy: Imports: Crude Oil",1-AEO2011.15.,"quad Btu",,,,,,,,,,,,,,,,,,,,,,,,,,,,,
Reference case,"Total Energy: Imports: Crude Oil": Reference case,1-AEO2011.15.ref2011-d020911a,"quad Btu",21.389061,19.702282,20.192228,20.155785,19.788813,19.705503,19.368488,19.253328,18.972898,18.683121,18.54126,18.435083,18.455406,18.567736,18.314577,18.253796,18.262461,18.354002,18.442842,18.411175,18.32025,18.278183,18.304621,18.194841,18.021927,17.992556,18.066162,18.436708,"-0.3%"
Early release reference,"Total Energy: Imports: Crude Oil": Early release reference,1-AEO2011.15.ref2011-d120810c,"quad Btu",21.389061,19.702282,20.192228,20.142277,19.73876,20.018467,19.736355,19.472109,19.309227,19.021456,18.783875,18.558439,18.541391,18.653837,18.510359,18.527485,18.652142,18.687254,18.654493,18.571745,18.467131,18.437124,18.478506,18.515017,18.344746,18.417688,18.581774,19.003611,"-0.1%"
Liquid Fuels,"Total Energy: Imports: Liquid Fuels",1-AEO2011.16.,"quad Btu",,,,,,,,,,,,,,,,,,,,,,,,,,,,,
Reference case,"Total Energy: Imports: Liquid Fuels": Reference case,1-AEO2011.16.ref2011-d020911a,"quad Btu",6.32337,5.401473,4.529796,4.723859,5.214218,5.345679,5.33958,5.327212,5.376033,5.356191,5.358256,5.348046,5.336268,5.239367,5.24374,5.185468,5.155046,5.179838,5.201509,5.211209,5.198808,5.202998,5.255117,5.278933,5.299952,5.341063,5.337408,5.331312,"-0.1%"
Early release reference,"Total Energy: Imports: Liquid Fuels": Early release reference,1-AEO2011.16.ref2011-d120810c,"quad Btu",6.323376,5.401473,4.532287,4.724282,5.219617,5.360329,5.348521,5.385734,5.389553,5.363564,5.347155,5.398475,5.321736,5.240801,5.246645,5.210093,5.216518,5.214448,5.230958,5.235695,5.2483,5.242337,5.297863,5.315174,5.335976,5.350591,5.364319,5.350967,"-0.0%"
Natural Gas,"Total Energy: Imports: Natural Gas",1-AEO2011.17.,"quad Btu",,,,,,,,,,,,,,,,,,,,,,,,,,,,,
Reference case,"Total Energy: Imports: Natural Gas": Reference case,1-AEO2011.17.ref2011-d020911a,"quad Btu",4.083838,3.817812,3.886994,3.918512,3.91803,4.009678,4.042785,4.01107,4.039474,4.062797,4.042462,3.960872,3.795948,3.611636,3.451424,3.339696,3.265426,3.204225,3.148568,3.121797,3.054581,3.064164,3.072779,3.069217,3.055118,3.023206,2.953209,2.874322,"-1.1%"
Early release reference,"Total Energy: Imports: Natural Gas": Early release reference,1-AEO2011.17.ref2011-d120810c,"quad Btu",4.083838,3.817812,3.909787,3.922814,3.911724,4.003322,4.010325,4.104985,4.121429,4.12485,4.071839,4.049929,4.026823,3.979608,3.838378,3.693615,3.535655,3.432836,3.340851,3.296912,3.248258,3.25951,3.25792,3.242415,3.223071,3.169115,3.096204,2.998328,"-0.9%"
Other Imports,"Total Energy: Imports: Other Imports",1-AEO2011.18.,"quad Btu",,,,,,,,,,,,,,,,,,,,,,,,,,,,,
Reference case,"Total Energy: Imports: Other Imports": Reference case,1-AEO2011.18.ref2011-d020911a,"quad Btu",0.963152,0.613308,0.553842,0.682712,0.819566,0.86447,0.856111,0.823325,0.80866,0.802578,0.895244,0.94232,0.97763,1.269916,1.29252,1.34297,1.300521,1.387023,1.382169,1.512991,1.379716,1.394042,1.296563,1.333001,1.355268,1.311154,1.290559,1.273553,"2.9%"
Early release reference,"Total Energy: Imports: Other Imports": Early release reference,1-AEO2011.18.ref2011-d120810c,"quad Btu",0.963152,0.613308,0.555619,0.68251,0.820767,0.864668,0.85631,0.820666,0.80971,0.802712,0.879793,0.956002,0.961156,1.128718,1.145018,1.189764,1.144786,1.152568,1.210646,1.490445,1.379611,1.394169,1.330723,1.433646,1.271331,1.384089,1.314056,1.314437,"3.0%"
Total,"Total Energy: Imports: Total",1-AEO2011.19.,"quad Btu",,,,,,,,,,,,,,,,,,,,,,,,,,,,,
Reference case,"Total Energy: Imports: Total": Reference case,1-AEO2011.19.ref2011-d020911a,"quad Btu",32.759418,29.534874,29.162861,29.480869,29.740627,29.925329,29.606966,29.414936,29.197065,28.904686,28.837221,28.686321,28.565254,28.688654,28.302261,28.121931,27.983456,28.12509,28.175089,28.25717,27.953354,27.939388,27.929079,27.875992,27.732264,27.667978,27.647339,27.915897,"-0.2%"
Early release reference,"Total Energy: Imports: Total": Early release reference,1-AEO2011.19.ref2011-d120810c,"quad Btu",32.759426,29.534874,29.189919,29.471882,29.690868,30.246786,29.951509,29.783495,29.629919,29.31258,29.082661,28.962845,28.851105,29.002964,28.740398,28.620956,28.549103,28.487106,28.436949,28.594795,28.3433,28.333139,28.365011,28.506252,28.175125,28.321484,28.356354,28.667345,"-0.1%"
Exports,,1-AEO2011.21.,,,,,,,,,,,,,,,,,,,,,,,,,,,,,,
Petroleum,"Total Energy: Exports: Petroleum",1-AEO2011.22.,"quad Btu",,,,,,,,,,,,,,,,,,,,,,,,,,,,,
Reference case,"Total Energy: Exports: Petroleum": Reference case,1-AEO2011.22.ref2011-d020911a,"quad Btu",3.775059,4.166784,4.245347,4.235968,3.272112,3.249725,3.227087,3.273484,3.338024,3.400905,3.447637,3.522335,3.542042,3.569176,3.551441,3.570305,3.589394,3.621119,3.635724,3.652227,3.678765,3.695261,3.747414,3.790544,3.839003,3.869551,3.889526,3.916922,"-0.2%"
Early release reference,"Total Energy: Exports: Petroleum": Early release reference,1-AEO2011.22.ref2011-d120810c,"quad Btu",3.775038,4.166952,4.245648,4.236854,3.251279,3.227641,3.217361,3.278555,3.318467,3.413899,3.419965,3.467505,3.509942,3.544054,3.533388,3.546062,3.565252,3.594136,3.612594,3.625272,3.646171,3.673134,3.715324,3.755592,3.836709,3.866854,3.901505,3.911717,"-0.2%"
Natural Gas,"Total Energy: Exports: Natural Gas",1-AEO2011.23.,"quad Btu",,,,,,,,,,,,,,,,,,,,,,,,,,,,,
Reference case,"Total Energy: Exports: Natural Gas": Reference case,1-AEO2011.23.ref2011-d020911a,"quad Btu",1.014778,1.090311,1.060825,1.081001,1.190699,1.207095,1.248394,1.235762,1.32499,1.427828,1.534318,1.654447,1.815898,1.937898,2.009216,2.047821,2.050249,2.067087,2.109016,2.15503,2.188576,2.235327,2.239666,2.29716,2.359983,2.448593,2.532852,2.642891,"3.5%"
Early release reference,"Total Energy: Exports: Natural Gas": Early release reference,1-AEO2011.23.ref2011-d120810c,"quad Btu",1.014778,1.090311,1.060825,1.081001,1.190794,1.207228,1.247518,1.235059,1.324936,1.428132,1.534744,1.654766,1.816006,1.938,2.008666,2.046314,2.048065,2.063925,2.104752,2.149794,2.182265,2.227947,2.231397,2.28804,2.350003,2.437891,2.521619,2.631349,"3.4%"
Coal,"Total Energy: Exports: Coal",1-AEO2011.24.,"quad Btu",,,,,,,,,,,,,,,,,,,,,,,,,,,,,
Reference case,"Total Energy: Exports: Coal": Reference case,1-AEO2011.24.ref2011-d020911a,"quad Btu",2.07,1.51,1.928803,1.875063,1.8635,1.868058,1.782403,1.757051,1.707068,1.749701,1.805297,1.86139,1.917753,1.847991,1.858725,1.870023,1.881912,1.894417,1.892866,1.891988,1.891814,1.892376,1.859188,1.873361,1.86894,1.819007,1.778906,1.777381,"0.6%"
Early release reference,"Total Energy: Exports: Coal": Early release reference,1-AEO2011.24.ref2011-d120810c,"quad Btu",2.07,1.51,1.928803,1.860363,1.8635,1.868058,1.782403,1.757051,1.707068,1.7497,1.805297,1.86139,1.917753,1.850807,1.858725,1.870023,1.881912,1.894417,1.88709,1.891988,1.891814,1.892376,1.893706,1.913978,1.885032,1.842938,1.822466,1.812585,"0.7%"
Total,"Total Energy: Exports: Total",1-AEO2011.25.,"quad Btu",,,,,,,,,,,,,,,,,,,,,,,,,,,,,
Reference case,"Total Energy: Exports: Total": Reference case,1-AEO2011.25.ref2011-d020911a,"quad Btu",6.859837,6.767096,7.234975,7.192031,6.326312,6.324878,6.257883,6.266297,6.370082,6.578433,6.787251,7.038171,7.275694,7.355065,7.419382,7.488149,7.521555,7.582623,7.637607,7.699246,7.759154,7.822963,7.846267,7.961064,8.067926,8.137151,8.201284,8.337193,"0.8%"
Early release reference,"Total Energy: Exports: Total": Early release reference,1-AEO2011.25.ref2011-d120810c,"quad Btu",6.859816,6.767263,7.235277,7.178218,6.305573,6.302927,6.247281,6.270666,6.350472,6.591732,6.760006,6.98366,7.243701,7.332862,7.400779,7.462399,7.495229,7.552478,7.604435,7.667054,7.720249,7.793457,7.840427,7.957611,8.071745,8.147683,8.24559,8.355652,"0.8%"
Discrepancy,"Total Energy: Discrepancy",1-AEO2011.27.,"quad Btu",,,,,,,,,,,,,,,,,,,,,,,,,,,,,
Reference case,"Total Energy: Discrepancy": Reference case,1-AEO2011.27.ref2011-d020911a,"quad Btu",-0.440285,1.159945,-0.199777,-0.398441,-0.298018,-0.254949,-0.241272,-0.240834,-0.249005,-0.255443,-0.224536,-0.212789,-0.210905,-0.17906,-0.167093,-0.137435,-0.120863,-0.116659,-0.116151,-0.108473,-0.107497,-0.087219,-0.066015,-0.064351,-0.046295,-0.030627,-0.032179,-0.018052,"- -"
Early release reference,"Total Energy: Discrepancy": Early release reference,1-AEO2011.27.ref2011-d120810c,"quad Btu",-0.440256,1.155222,-0.354517,-0.726745,-0.259991,-0.237697,-0.238345,-0.226643,-0.238284,-0.233413,-0.216354,-0.201273,-0.215274,-0.198016,-0.18439,-0.153592,-0.141675,-0.112018,-0.089873,-0.115769,-0.107975,-0.084264,-0.079534,-0.077075,-0.060873,-0.008939,0.009636,0.014322,"- -"
Consumption,,1-AEO2011.29.,,,,,,,,,,,,,,,,,,,,,,,,,,,,,,
Liquid Fuels,"Total Energy: Use: Liquid Fuels",1-AEO2011.30.,"quad Btu",,,,,,,,,,,,,,,,,,,,,,,,,,,,,
Reference case,"Total Energy: Use: Liquid Fuels": Reference case,1-AEO2011.30.ref2011-d020911a,"quad Btu",38.46487,36.620728,36.959717,37.409401,38.229675,38.812706,38.921059,39.095753,39.251492,39.324268,39.305534,39.307602,39.384304,39.508686,39.588749,39.674023,39.734871,39.83955,39.940163,40.039101,40.179077,40.313969,40.551453,40.806374,41.024464,41.247604,41.46862,41.697441,"0.5%"
Early release reference,"Total Energy: Use: Liquid Fuels": Early release reference,1-AEO2011.30.ref2011-d120810c,"quad Btu",38.46487,36.620689,36.959747,37.405628,38.252071,38.867538,38.965172,39.133293,39.283382,39.37291,39.379311,39.380344,39.439838,39.557022,39.619926,39.692486,39.766613,39.864784,39.960087,40.05933,40.227108,40.352898,40.603107,40.863453,41.101387,41.326519,41.572205,41.797798,"0.5%"
Natural Gas,"Total Energy: Use: Natural Gas",1-AEO2011.31.,"quad Btu",,,,,,,,,,,,,,,,,,,,,,,,,,,,,
Reference case,"Total Energy: Use: Natural Gas": Reference case,1-AEO2011.31.ref2011-d020911a,"quad Btu",23.846027,23.312073,24.453642,24.491974,24.536669,25.081661,25.370827,25.774385,25.756933,25.8605,26.007299,26.095827,26.00264,25.80393,25.746103,25.745138,25.682743,25.727972,25.731487,25.879725,26.070072,26.293428,26.579351,26.793434,26.916071,26.99827,27.094982,27.24015,"0.6%"
Early release reference,"Total Energy: Use: Natural Gas": Early release reference,1-AEO2011.31.ref2011-d120810c,"quad Btu",23.846027,23.316742,24.521832,24.512053,24.367424,25.004503,25.094648,25.528616,25.493965,25.599792,25.750544,25.844465,25.812094,25.758942,25.703938,25.698528,25.63419,25.611284,25.628645,25.779264,25.998001,26.146334,26.37339,26.56945,26.741322,26.817583,26.971733,27.145138,"0.6%"
Coal,"Total Energy: Use: Coal",1-AEO2011.32.,"quad Btu",,,,,,,,,,,,,,,,,,,,,,,,,,,,,
Reference case,"Total Energy: Use: Coal": Reference case,1-AEO2011.32.ref2011-d020911a,"quad Btu",22.376627,19.685785,21.049654,20.406559,20.188665,19.96335,19.713041,19.727749,19.968779,20.065758,20.219559,20.412642,20.84643,21.317595,21.613749,21.982372,22.437399,22.610546,22.875259,23.040583,23.196701,23.276869,23.39258,23.533045,23.717594,23.890776,24.095949,24.297108,"0.8%"
Early release reference,"Total Energy: Use: Coal": Early release reference,1-AEO2011.32.ref2011-d120810c,"quad Btu",22.376627,19.685787,20.957176,20.295326,20.255281,19.920866,19.876921,19.84053,20.123144,20.204077,20.326572,20.519386,20.868179,21.193546,21.523064,21.837156,22.242943,22.549885,22.797913,22.970207,23.096291,23.332354,23.506998,23.669601,23.848162,24.020344,24.128912,24.307043,"0.8%"
Nuclear Power,"Total Energy: Use: Nuclear Power",1-AEO2011.33.,"quad Btu",,,,,,,,,,,,,,,,,,,,,,,,,,,,,
Reference case,"Total Energy: Use: Nuclear Power": Reference case,1-AEO2011.33.ref2011-d020911a,"quad Btu",8.427294,8.349272,8.392276,8.397101,8.495641,8.643312,8.70351,8.774737,8.794132,8.901154,9.008174,9.11519,9.170193,9.170193,9.170193,9.170193,9.170193,9.170193,9.170193,9.170193,9.170193,9.170193,9.169307,9.16746,9.164591,9.158966,9.151505,9.139649,"0.3%"
Early release reference,"Total Energy: Use: Nuclear Power": Early release reference,1-AEO2011.33.ref2011-d120810c,"quad Btu",8.427294,8.349272,8.392276,8.397101,8.495641,8.643312,8.70351,8.774737,8.794132,8.901153,9.008173,9.115189,9.222204,9.222204,9.222204,9.222204,9.222204,9.222204,9.222204,9.222205,9.222205,9.222205,9.221037,9.218907,9.215755,9.209848,9.202106,9.189968,"0.4%"
Hydropower,"Total Energy: Use: Hydropower",1-AEO2011.34.,"quad Btu",,,,,,,,,,,,,,,,,,,,,,,,,,,,,
Reference case,"Total Energy: Use: Hydropower": Reference case,1-AEO2011.34.ref2011-d020911a,"quad Btu",2.526232,2.694814,2.397497,2.578199,2.662767,2.735171,2.835982,2.921694,2.994312,2.994439,2.994567,2.999712,3.000392,3.005065,3.006717,3.00767,3.014364,3.039484,3.044993,3.045131,3.057818,3.062778,3.068407,3.068982,3.082368,3.082707,3.088063,3.09292,"0.5%"
Early release reference,"Total Energy: Use: Hydropower": Early release reference,1-AEO2011.34.ref2011-d120810c,"quad Btu",2.526232,2.694814,2.397497,2.578196,2.662765,2.735171,2.832872,2.913494,2.988892,2.989016,2.99454,2.999696,2.999817,2.999928,3.007835,3.012677,3.013562,3.023384,3.050367,3.050521,3.062485,3.068893,3.069865,3.077258,3.08619,3.087591,3.093694,3.093831,"0.5%"
Biomass,"Total Energy: Use: Biomass",1-AEO2011.35.,"quad Btu",,,,,,,,,,,,,,,,,,,,,,,,,,,,,
Reference case,"Total Energy: Use: Biomass": Reference case,1-AEO2011.35.ref2011-d020911a,"quad Btu",3.074024,2.521508,2.659941,2.983824,2.981175,3.149236,3.154233,3.274898,3.369939,3.453878,3.582117,3.706899,3.93096,4.049435,4.183681,4.345141,4.553563,4.706404,4.826495,4.885307,4.9418,5.018204,5.051696,5.148427,5.18518,5.212438,5.253586,5.254236,"2.9%"
Early release reference,"Total Energy: Use: Biomass": Early release reference,1-AEO2011.35.ref2011-d120810c,"quad Btu",3.072798,2.513197,2.647822,2.898219,2.971617,3.139726,3.114362,3.246332,3.329206,3.427059,3.547917,3.657936,3.871087,3.991009,4.112343,4.319395,4.511843,4.671566,4.774835,4.854522,4.926892,5.035262,5.072055,5.181684,5.243707,5.319973,5.38526,5.380407,"3.0%"
Other Renewable Energy,"Total Energy: Use: Other Renewable Energy",1-AEO2011.36.,"quad Btu",,,,,,,,,,,,,,,,,,,,,,,,,,,,,
Reference case,"Total Energy: Use: Other Renewable Energy": Reference case,1-AEO2011.36.ref2011-d020911a,"quad Btu",1.115982,1.288936,1.537262,1.716426,2.051698,2.07663,2.087103,2.13919,2.139692,2.164111,2.188529,2.237406,2.296909,2.329056,2.357952,2.404868,2.4874,2.584256,2.677244,2.740678,2.822866,2.916186,2.967836,3.01974,3.075637,3.114835,3.158351,3.217548,"3.6%"
Early release reference,"Total Energy: Use: Other Renewable Energy": Early release reference,1-AEO2011.36.ref2011-d120810c,"quad Btu",1.115982,1.288936,1.537262,1.716424,2.142224,2.167317,2.17779,2.183189,2.18368,2.208097,2.232518,2.256594,2.308626,2.342794,2.376559,2.415975,2.471462,2.551419,2.621808,2.679317,2.730824,2.775478,2.830554,2.881454,2.945648,3.011683,3.053196,3.131098,"3.5%"
Other,"Total Energy: Use: Other",1-AEO2011.37.,"quad Btu",,,,,,,,,,,,,,,,,,,,,,,,,,,,,
Reference case,"Total Energy: Use: Other": Reference case,1-AEO2011.37.ref2011-d020911a,"quad Btu",0.310968,0.315694,0.316668,0.303888,0.309834,0.309297,0.311966,0.31219,0.314985,0.312586,0.3025,0.297677,0.292795,0.302238,0.298406,0.287974,0.284964,0.274168,0.268032,0.272994,0.269568,0.262079,0.244928,0.245098,0.256996,0.249182,0.253117,0.250391,"-0.9%"
Early release reference,"Total Energy: Use: Other": Early release reference,1-AEO2011.37.ref2011-d120810c,"quad Btu",0.310968,0.315694,0.316668,0.303892,0.309854,0.309327,0.312039,0.312323,0.315091,0.312631,0.302521,0.297676,0.292855,0.302236,0.298417,0.287985,0.285836,0.274191,0.270439,0.272986,0.269614,0.262053,0.244732,0.248256,0.25237,0.255006,0.253106,0.250376,"-0.9%"
Total,"Total Energy: Use: Total",1-AEO2011.38.,"quad Btu",,,,,,,,,,,,,,,,,,,,,,,,,,,,,
Reference case,"Total Energy: Use: Total": Reference case,1-AEO2011.38.ref2011-d020911a,"quad Btu",100.142014,94.788811,97.766655,98.287376,99.456131,100.771362,101.097725,102.020584,102.590263,103.076691,103.608276,104.172951,104.924614,105.486191,105.965538,106.617378,107.365501,107.952583,108.533859,109.0737,109.708099,110.313698,111.025551,111.782562,112.422897,112.954788,113.564171,114.18943,"0.7%"
Early release reference,"Total Energy: Use: Total": Early release reference,1-AEO2011.38.ref2011-d120810c,"quad Btu",100.140793,94.785133,97.73027,98.106834,99.456886,100.787758,101.077324,101.93251,102.511497,103.014732,103.542091,104.071281,104.814697,105.367691,105.864288,106.48642,107.148659,107.768723,108.326302,108.888351,109.533432,110.19548,110.921738,111.710068,112.434547,113.048538,113.66021,114.295654,"0.7%"
Prices (2009 dollars per unit),,1-AEO2011.40.,,,,,,,,,,,,,,,,,,,,,,,,,,,,,,
Low Sulfur Light Price ($ per barrel),"Total Energy: Prices: Low Sulfur Light Price",1-AEO2011.41.,"2009 $/bbl",,,,,,,,,,,,,,,,,,,,,,,,,,,,,
Reference case,"Total Energy: Prices: Low Sulfur Light Price": Reference case,1-AEO2011.41.ref2011-d020911a,"2009 $/bbl",100.507057,61.661594,78.027931,83.209404,85.727959,88.031349,91.384804,94.581757,97.621712,100.495857,103.151314,105.708168,108.102043,110.301659,112.358475,114.20742,115.955215,117.535187,118.985695,120.254013,121.340561,122.295937,123.091782,123.712044,124.202354,124.527153,124.679138,124.938896,"2.8%"
Early release reference,"Total Energy: Prices: Low Sulfur Light Price": Early release reference,1-AEO2011.41.ref2011-d120810c,"2009 $/bbl",100.507057,61.661594,78.027931,83.209404,85.913757,88.221169,91.544365,94.670578,97.710411,100.605873,103.318665,105.869041,108.134201,110.284737,112.304779,114.189461,115.943909,117.478378,118.810501,120.158691,121.14669,122.051056,122.918114,123.623436,124.134178,124.533958,124.776398,125.027985,"2.8%"
Imported Crude Oil Price ($ per barrel),"Total Energy: Prices: Imported Crude Oil Price",1-AEO2011.42.,"2009 $/bbl",,,,,,,,,,,,,,,,,,,,,,,,,,,,,
Reference case,"Total Energy: Prices: Imported Crude Oil Price": Reference case,1-AEO2011.42.ref2011-d020911a,"2009 $/bbl",93.443306,59.0369,74.859291,80.317505,80.654625,82.872536,85.068939,86.834335,88.960999,91.562172,94.042755,96.424774,98.649757,100.739502,102.491463,104.254074,105.88372,107.398422,108.800484,109.981552,110.931725,111.738998,112.376877,112.802048,113.018623,113.255379,113.429184,113.695839,"2.6%"
Early release reference,"Total Energy: Prices: Imported Crude Oil Price": Early release reference,1-AEO2011.42.ref2011-d120810c,"2009 $/bbl",93.443306,59.0369,74.859291,80.317505,80.645752,82.852104,85.235474,86.938538,89.076645,91.752098,94.224419,96.515129,98.708969,100.773453,102.586586,104.362114,106.065132,107.532326,108.727409,109.980995,110.837273,111.567375,112.345222,112.932045,113.189934,113.477119,113.685585,114.050201,"2.6%"
Gas Price at Henry Hub ($ / mmBtu),"Total Energy: Prices: Gas Price at Henry Hub",1-AEO2011.43.,"2009 $/mmBtu",,,,,,,,,,,,,,,,,,,,,,,,,,,,,
Reference case,"Total Energy: Prices: Gas Price at Henry Hub": Reference case,1-AEO2011.43.ref2011-d020911a,"2009 $/mmBtu",8.943237,3.95,4.431169,4.480698,4.497973,4.56242,4.572871,4.664319,4.737782,4.764277,4.808661,4.8716,5.051568,5.237007,5.391335,5.576093,5.795816,5.972763,6.099454,6.238142,6.309484,6.34645,6.398242,6.493529,6.61765,6.736811,6.873841,7.068624,"2.3%"
Early release reference,"Total Energy: Prices: Gas Price at Henry Hub": Early release reference,1-AEO2011.43.ref2011-d120810c,"2009 $/mmBtu",8.943237,3.95,4.431169,4.480698,4.566546,4.701797,4.765911,4.805692,4.834641,4.881967,4.959398,5.036544,5.177979,5.332697,5.484909,5.666768,5.845872,6.012887,6.152366,6.279922,6.364522,6.425874,6.502604,6.622354,6.758783,6.876004,7.008754,7.191095,"2.3%"
Gas Wellhead Price ($ / mmBtu),"Total Energy: Prices: Gas Wellhead Price",1-AEO2011.44.,"2009 $/mmBtu",,,,,,,,,,,,,,,,,,,,,,,,,,,,,
Reference case,"Total Energy: Prices: Gas Wellhead Price": Reference case,1-AEO2011.44.ref2011-d020911a,"2009 $/mmBtu",7.962646,3.616559,3.978352,3.99055,3.983989,4.041004,4.050248,4.131148,4.196136,4.219574,4.258838,4.314512,4.473708,4.637735,4.774239,4.937652,5.131981,5.288472,5.400514,5.523161,5.586251,5.61894,5.664741,5.749003,5.858761,5.96413,6.085299,6.257528,"2.1%"
Early release reference,"Total Energy: Prices: Gas Wellhead Price": Early release reference,1-AEO2011.44.ref2011-d120810c,"2009 $/mmBtu",7.956413,3.616522,4.095064,4.075343,4.044653,4.164302,4.221019,4.256209,4.281819,4.323683,4.392177,4.460418,4.585523,4.722374,4.857002,5.017848,5.17625,5.323957,5.447306,5.560109,5.634922,5.689176,5.757028,5.86292,5.98356,6.08721,6.204591,6.365817,"2.2%"
Gas Wellhead Price ($ / Mcf),"Total Energy: Prices: Gas Wellhead Price",1-AEO2011.45.,"2009 $/Mcf",,,,,,,,,,,,,,,,,,,,,,,,,,,,,
Reference case,"Total Energy: Prices: Gas Wellhead Price": Reference case,1-AEO2011.45.ref2011-d020911a,"2009 $/Mcf",8.177637,3.710589,4.081789,4.094304,4.087573,4.14607,4.155555,4.238558,4.305235,4.329283,4.369567,4.42669,4.590024,4.758317,4.898369,5.066031,5.265413,5.425972,5.540927,5.666763,5.731494,5.765033,5.812024,5.898477,6.011089,6.119198,6.243516,6.420224,"2.1%"
Early release reference,"Total Energy: Prices: Gas Wellhead Price": Early release reference,1-AEO2011.45.ref2011-d120810c,"2009 $/Mcf",8.171236,3.710551,4.201535,4.181302,4.149815,4.272574,4.330766,4.366871,4.393146,4.436099,4.506374,4.576389,4.704747,4.845156,4.983284,5.148312,5.310833,5.46238,5.588936,5.704672,5.78143,5.837095,5.906711,6.015357,6.139132,6.245478,6.365911,6.531328,"2.2%"
Coal Minemouth Price ($ / ton),"Total Energy: Prices: Coal Minemouth Price",1-AEO2011.46.,"2009 $/ton",,,,,,,,,,,,,,,,,,,,,,,,,,,,,
Reference case,"Total Energy: Prices: Coal Minemouth Price": Reference case,1-AEO2011.46.ref2011-d020911a,"2009 $/ton",31.543589,33.259998,36.637371,35.366222,33.723427,33.312664,32.709877,32.357124,32.364353,32.550804,32.417915,32.443039,32.851299,32.600609,32.70388,32.76709,33.134041,33.21629,33.50462,33.318352,33.103424,33.173923,33.254917,33.392796,33.661751,33.726528,33.812748,33.92165,"0.1%"
Early release reference,"Total Energy: Prices: Coal Minemouth Price": Early release reference,1-AEO2011.46.ref2011-d120810c,"2009 $/ton",31.543589,33.259998,36.395908,35.189316,33.827667,33.306416,32.474789,32.641853,32.442894,32.627705,32.727814,32.735153,33.05954,32.9459,33.075611,33.157013,33.556831,33.455181,33.607697,33.751957,33.228508,33.528461,33.58165,33.583595,34.096188,34.034454,33.741222,34.110016,"0.1%"
Coal Delivered Price ($ / million Btu),"Total Energy: Prices: Coal Delivered Price",1-AEO2011.47.,"2009 $/mill Btu",,,,,,,,,,,,,,,,,,,,,,,,,,,,,
Reference case,"Total Energy: Prices: Coal Delivered Price": Reference case,1-AEO2011.47.ref2011-d020911a,"2009 $/mill Btu",2.180135,2.309052,2.401655,2.370841,2.310662,2.284997,2.254795,2.264907,2.277057,2.287075,2.28544,2.292804,2.304398,2.313112,2.327615,2.335056,2.352211,2.359938,2.371629,2.379976,2.391382,2.410503,2.415766,2.432314,2.445217,2.451867,2.465111,2.47401,"0.3%"
Early release reference,"Total Energy: Prices: Coal Delivered Price": Early release reference,1-AEO2011.47.ref2011-d120810c,"2009 $/mill Btu",2.180136,2.309052,2.396648,2.368429,2.313147,2.287193,2.261763,2.287885,2.287194,2.299021,2.298333,2.299513,2.309723,2.312592,2.326052,2.34058,2.357964,2.365006,2.378161,2.390163,2.393696,2.411803,2.415567,2.429443,2.443952,2.452882,2.464057,2.47804,"0.3%"
Electricity (cents per kilowatthour),"Total Energy: Prices: Electricity",1-AEO2011.48.,"2009 ¢/Kwh",,,,,,,,,,,,,,,,,,,,,,,,,,,,,
Reference case,"Total Energy: Prices: Electricity": Reference case,1-AEO2011.48.ref2011-d020911a,"2009 ¢/Kwh",9.77371,9.789677,9.566496,9.029919,9.006418,8.94064,8.893126,8.886552,8.840259,8.843314,8.830081,8.814379,8.840211,8.833726,8.844049,8.85931,8.875265,8.908697,8.941489,8.953877,8.977318,8.997741,8.983733,9.007073,9.041125,9.071532,9.114912,9.187472,"-0.2%"
Early release reference,"Total Energy: Prices: Electricity": Early release reference,1-AEO2011.48.ref2011-d120810c,"2009 ¢/Kwh",9.773708,9.78966,9.583568,9.073003,9.059258,9.003461,8.982813,8.975149,8.949991,8.928393,8.904579,8.881949,8.869109,8.854104,8.860415,8.878887,8.893614,8.920527,8.940614,8.941958,8.961951,8.987523,8.979456,9.010008,9.042376,9.087978,9.155607,9.194675,"-0.2%"
Prices (nominal dollars per unit),,1-AEO2011.51.,,,,,,,,,,,,,,,,,,,,,,,,,,,,,,
Low Sulfur Light Price ($ per barrel),"Total Energy: Prices: Low Sulfur Light Price",1-AEO2011.52.,"nom $/bbl",,,,,,,,,,,,,,,,,,,,,,,,,,,,,
Reference case,"Total Energy: Prices: Low Sulfur Light Price": Reference case,1-AEO2011.52.ref2011-d020911a,"nom $/bbl",99.571602,61.661594,78.7117,85.053497,88.61351,92.516685,97.792412,103.24115,108.690704,114.197563,119.683647,125.152481,130.602112,135.820251,140.884079,145.743484,150.675064,155.460876,160.208847,164.955063,169.568008,174.156265,178.453705,182.684464,186.954178,191.098251,195.079498,199.368896,"4.6%"
Early release reference,"Total Energy: Prices: Low Sulfur Light Price": Early release reference,1-AEO2011.52.ref2011-d120810c,"nom $/bbl",99.571602,61.661594,78.7117,85.053497,88.806038,92.721321,97.99028,103.383881,108.858917,114.404526,119.971153,125.454575,130.773254,135.929169,140.94072,145.892868,150.817886,155.583237,160.210114,165.083755,169.544205,174.056564,178.493027,182.86174,187.183273,191.488556,195.643845,199.898102,"4.6%"
Imported Crude Oil Price ($ per barrel),"Total Energy: Prices: Imported Crude Oil Price",1-AEO2011.53.,"nom $/bbl",,,,,,,,,,,,,,,,,,,,,,,,,,,,,
Reference case,"Total Energy: Prices: Imported Crude Oil Price": Reference case,1-AEO2011.53.ref2011-d020911a,"nom $/bbl",92.573601,59.0369,75.515297,82.097504,83.369415,87.095016,91.033699,94.784416,99.047981,104.045853,109.115227,114.161469,119.182442,124.045868,128.512024,133.041718,137.587906,142.053223,146.494919,150.864105,155.022125,159.122589,162.919647,166.573761,170.119995,173.80069,177.477234,181.428009,"4.4%"
Early release reference,"Total Energy: Prices: Imported Crude Oil Price": Early release reference,1-AEO2011.53.ref2011-d120810c,"nom $/bbl",92.573601,59.0369,75.515297,82.097504,83.360687,87.078384,91.237152,94.940201,99.240059,104.336411,109.411133,114.370216,119.374748,124.206223,128.744537,133.337067,137.967758,142.411102,146.613556,151.100815,155.116226,159.10582,163.139816,167.047211,170.680313,174.487106,178.253937,182.346527,"4.4%"
Gas Price at Henry Hub ($ / mmBtu),"Total Energy: Prices: Gas Price at Henry Hub",1-AEO2011.54.,"nom $/mmBtu",,,,,,,,,,,,,,,,,,,,,,,,,,,,,
Reference case,"Total Energy: Prices: Gas Price at Henry Hub": Reference case,1-AEO2011.54.ref2011-d020911a,"nom $/mmBtu",8.86,3.95,4.47,4.58,4.649373,4.794883,4.893506,5.091359,5.274983,5.413843,5.579358,5.767698,6.102987,6.448603,6.760089,7.115819,7.531225,7.900025,8.212639,8.556996,8.817222,9.0377,9.275924,9.588935,9.961143,10.33825,10.755173,11.279625,"4.1%"
Early release reference,"Total Energy: Prices: Gas Price at Henry Hub": Early release reference,1-AEO2011.54.ref2011-d120810c,"nom $/mmBtu",8.86,3.95,4.47,4.58,4.720279,4.941635,5.101493,5.247998,5.386261,5.551555,5.758733,5.968294,6.262044,6.572705,6.883473,7.240082,7.604212,7.963205,8.296164,8.627866,8.907117,9.163916,9.442623,9.795677,10.191643,10.572827,10.989414,11.497317,"4.2%"
Gas Wellhead Price ($ / mmBtu),"Total Energy: Prices: Gas Wellhead Price",1-AEO2011.55.,"nom $/mmBtu",,,,,,,,,,,,,,,,,,,,,,,,,,,,,
Reference case,"Total Energy: Prices: Gas Wellhead Price": Reference case,1-AEO2011.55.ref2011-d020911a,"nom $/mmBtu",7.888535,3.616559,4.013215,4.078989,4.118088,4.246899,4.334239,4.509374,4.671921,4.794875,4.941412,5.108138,5.404853,5.710688,5.986324,6.301084,6.668622,6.99493,7.271548,7.576241,7.806537,8.001685,8.212522,8.489501,8.818833,9.152501,9.521377,9.985334,"4.0%"
Early release reference,"Total Energy: Prices: Gas Wellhead Price": Early release reference,1-AEO2011.55.ref2011-d120810c,"nom $/mmBtu",7.88236,3.616521,4.130949,4.165661,4.180817,4.376723,4.518234,4.647943,4.770363,4.916699,5.100091,5.285585,5.545551,5.820464,6.09546,6.410996,6.73318,7.050816,7.345424,7.638928,7.886046,8.113313,8.359951,8.672335,9.022675,9.359945,9.728522,10.177839,"4.1%"
Gas Wellhead Price ($ / Mcf),"Total Energy: Prices: Gas Wellhead Price",1-AEO2011.56.,"nom $/Mcf",,,,,,,,,,,,,,,,,,,,,,,,,,,,,
Reference case,"Total Energy: Prices: Gas Wellhead Price": Reference case,1-AEO2011.56.ref2011-d020911a,"nom $/Mcf",8.101525,3.710589,4.117558,4.185042,4.225159,4.357318,4.446929,4.626618,4.793391,4.919541,5.069889,5.240949,5.545379,5.859167,6.141969,6.464912,6.842007,7.176798,7.460608,7.773224,8.009506,8.209729,8.426047,8.710228,9.048123,9.390466,9.768932,10.244952,"4.0%"
Early release reference,"Total Energy: Prices: Gas Wellhead Price": Early release reference,1-AEO2011.56.ref2011-d120810c,"nom $/Mcf",8.095183,3.710551,4.238354,4.273969,4.289518,4.490518,4.635708,4.768789,4.894392,5.044534,5.232693,5.42301,5.689736,5.971796,6.253942,6.577682,6.908243,7.234137,7.536406,7.837541,8.091084,8.324259,8.57731,8.897816,9.257264,9.603304,9.981464,10.442463,"4.1%"
Coal Minemouth Price ($ / ton),"Total Energy: Prices: Coal Minemouth Price",1-AEO2011.57.,"nom $/ton",,,,,,,,,,,,,,,,,,,,,,,,,,,,,
Reference case,"Total Energy: Prices: Coal Minemouth Price": Reference case,1-AEO2011.57.ref2011-d020911a,"nom $/ton",31.250002,33.259998,36.958435,36.150009,34.85854,35.009998,35.003387,35.319569,36.034035,36.988811,37.613617,38.410717,39.688877,40.142849,41.006752,41.815056,43.055187,43.934364,45.112453,45.703514,46.260559,47.241524,48.211693,49.310837,50.668968,51.756424,52.905197,54.129837,"1.9%"
Early release reference,"Total Energy: Prices: Coal Minemouth Price": Early release reference,1-AEO2011.57.ref2011-d120810c,"nom $/ton",31.250002,33.259998,36.714851,35.969185,34.966473,35.005371,34.761436,35.646149,36.144543,37.102772,38.00275,38.791084,39.980907,40.606781,41.509365,42.362682,43.650166,44.30658,45.318325,46.371174,46.503132,47.814816,48.764904,49.6763,51.414005,52.332779,52.904736,54.536015,"1.9%"
Coal Delivered Price ($ / million Btu),"Total Energy: Prices: Coal Delivered Price",1-AEO2011.58.,"nom $/mill Btu",,,,,,,,,,,,,,,,,,,,,,,,,,,,,
Reference case,"Total Energy: Prices: Coal Delivered Price": Reference case,1-AEO2011.58.ref2011-d020911a,"nom $/mill Btu",2.159844,2.309052,2.422702,2.423384,2.388438,2.401421,2.412894,2.47227,2.535244,2.598897,2.651734,2.714549,2.784029,2.848257,2.918551,2.979834,3.056521,3.121432,3.193292,3.264666,3.341849,3.432691,3.502284,3.591776,3.680636,3.762613,3.857042,3.947855,"2.1%"
Early release reference,"Total Energy: Prices: Coal Delivered Price": Early release reference,1-AEO2011.58.ref2011-d120810c,"nom $/mill Btu",2.159844,2.309052,2.417651,2.420918,2.391019,2.403862,2.42102,2.498458,2.548156,2.614344,2.668769,2.724918,2.793288,2.850337,2.919159,2.990416,3.0672,3.132111,3.206833,3.283799,3.349966,3.439463,3.507716,3.593592,3.685261,3.771652,3.863532,3.961957,"2.1%"
Electricity (cents per kilowatthour),"Total Energy: Prices: Electricity",1-AEO2011.59.,"nom ¢/Kwh",,,,,,,,,,,,,,,,,,,,,,,,,,,,,
Reference case,"Total Energy: Prices: Electricity": Reference case,1-AEO2011.59.ref2011-d020911a,"nom ¢/Kwh",9.682743,9.789677,9.65033,9.230041,9.309569,9.39618,9.516683,9.700156,9.842625,10.049021,10.245301,10.435725,10.680188,10.877433,11.089379,11.305629,11.532738,11.783312,12.03931,12.28223,12.5454,12.813286,13.024268,13.300664,13.609052,13.921091,14.261669,14.660737,"1.6%"
Early release reference,"Total Energy: Prices: Electricity": Early release reference,1-AEO2011.59.ref2011-d120810c,"nom ¢/Kwh",9.682741,9.78966,9.667551,9.274079,9.364237,9.462727,9.61532,9.801205,9.971162,10.152972,10.339784,10.52509,10.725952,10.912941,11.119679,11.344009,11.568664,11.813956,12.055978,12.285187,12.542207,12.817074,13.039333,13.327454,13.635096,13.974051,14.355584,14.700695,"1.6%"